"Status","File","ProductNumber","ProductName","Reason","Warnings","ImagePath","OcrText"
"Imported","WhatsApp Image 2026-08-08 at 10.26.24 AM.jpeg","8-98213-669-3","Turbo Charger","Recognized and added to generated catalogue data.","","assets/img/products/8-98213-669-3.jpeg","OD 60mm
61-1 ID 14mm
are
51-1 M8
C-C 52mm
ID 47mm
M14
C-C 40mm
21-1 M6
INCLUBE
8-98213-669-3
TURBO WITH MANIFOLD
41—11.1
Gar.eV
4HLl"
"Imported","WhatsApp Image 2026-08-09 at 10.33.48 AM.jpeg","704136-0002-GARETZ","Turbo Charger","Recognized and added to generated catalogue data.","Long alphabetic suffix may be OCR bleed from the description.","assets/img/products/704136-0002-GARETZ.jpeg","OD 60mm
2K M12
IH M14
ID 14mm
ID 50mm
5H M8—4'
LONG
C-C 40mm
INCLUBE
704136-0002-GARETZ
TURBO WITH MANIFOLD
4HL1 41-ILI"
"Imported","WhatsApp Image 2026-08-14 at 12.21.19 PM.jpeg","24100-3424-GARETZ","Turbo Charger","Recognized and added to generated catalogue data.","Long alphabetic suffix may be OCR bleed from the description.","assets/img/products/24100-3424-GARETZ.jpeg","OD 115mm
C-C 85mm
C-C 90mm
M12
M16
24100-3424-GARETZ
Garetz
TURBO ASSY K13C TE ELECTRIC
TURBO PIPE USE 1 ROUND HOLE"
"Imported","WhatsApp Image 2026-08-20 at 3.12.19 PM.jpeg","17201-E0450","Turbo Charger","Recognized and added to generated catalogue data.","","assets/img/products/17201-E0450.jpeg","OD 60mm
2H ID Iomm
2B MIO
C-C 45mm
M14
C-C 70mm
MIO
HM8
Garrett•
ORIGINAL
C-C 87mm
17201-E0450
TURBO CHARGER DUTRO W04D N04C
J05E
21-1 ID 10mm
2H MIO
ORIGINA!"
